orderNumber,winery,dataInCollectionYear
1,badger-mountain-vineyard,Y
2,moxee-vineyard,N
3,paradisos-del-sol-estate-winery,N
4,bergevin-lane-vineyards,N
5,wilridge-winery-pike-place-market,N
6,icicle-ridge-winery-uptown,N
7,holmes-harbor-cellars,N
8,rustic-otis-vineyard,N
9,robert-ramsay-cellars,N
10,tempus-cellars,N
11,liberty-ciderworks,N
12,elephant-mountain-vineyard,N
13,kitzke-cellars,N
14,resurgent-vineyard,N
15,ambassador,N
16,chateau-ste-michelle-cold-creek-vineyard,Y
17,heathen-estate-winery,N
18,summit-vineyard,N
19,telve-di-sopra-vineyard,N
20,hence-cellars,Y
21,stavalaura-vineyards-and-winery-2,N
22,airfield-estates-woodinville-tasting-room,Y
23,elegante-cellars,N
24,washington-vintners,N
25,ginkgo-forest-winery,N
26,lauren-ashton-cellars,N
27,bradenview-vineyard,N
28,coventry-vale-winery,N
29,vashon-winery,N
30,amelia-wynn-winery,N
31,la-coye-vineyards,N
32,roza-hills-vineyard,N
33,coventry-vale-winery-vineyards,N
34,ward-johnson-winery,N
35,goose-ridge-estate-winery-richland,N
36,patterson-cellars-hollywood-hill-tasting-room,N
37,pursued-by-bear,Y
38,yacolt-valley-vineyard,N
39,fletcher-bay-winery,N
40,upsidedown-wine,N
41,basalt-cellars,N
42,convergence-zone-cellars,Y
43,shaw-section-14-llc,N
44,pollard-vineyard,N
45,tulip-valley-winery,N
46,mw-farms-llc,N
47,blue-mountain-vineyard-llc,N
48,arianses-vineyard,N
49,barrel-springs-winery,N
50,jacob-williams-winery-2,N
51,piggyback-cellars,N
52,savage-grace-wines-2,N
53,horan-estates-winery,N
54,stoneridge-vineyards-inc,N
55,shackelford-vineyard,Y
56,big-river-vineyards,N
57,harbinger-winery,N
58,cultura-wine-2,N
59,contrivance-winery-meadery-tasting-room,N
60,dineen-vineyards-catherines-block,N
61,matthews-winery,N
62,walla-walla-vintners-2,N
63,skagit-crest-vineyard-winery,N
64,dubindil-winery,N
65,vibe-cellars,Y
66,airfield-estates-prosser-tasting-room,NA
67,alexandria-nicole-cellars-woodinville,Y
68,domaine-magdalena,Y
69,browne-family-vineyards-walla-walla,
70,orcas-island-winery,
71,esther-bricques-winery-vineyard-llc-2,
72,r-c-farms,
73,honey-moon,
74,port-townsend-vineyards,
75,jkm-vineyard,
76,ridge-of-wonders-wine,
77,champoux-vineyards-llc,
78,henry-earl-estates,
79,ethereal-meads-llc,
80,the-woodhouse-wine-estates,
81,bookwalter-vineyard,
82,five-star-cellars-woodinville,
83,schooler-nolan-winery,
84,kiona-benton-highlands,
85,omnivorous-cellars,
86,nefarious-cellars,
87,trust-cellars-2,
88,ml-production,
89,arnett-vineyard,
90,oasis-vineyard,
91,water-from-wine,
92,windy-ridge-vineyard,
93,verhey-farms,
94,celilo-vineyard,
95,vino-bellisimo,
96,esther-bricques-winery-vineyard-llc,
97,carpenter-creek-winery-2,
98,riverwine-vineyard,
99,cascade-cliffs-vineyard-winery-georgetown-tasting-room,
100,ancient-lake-wine-company-llc,
101,woodward-canyon,
102,woodward-canyon-winery,
103,quiddity-wines-woodinville-rhone,
104,spoiled-dog-winery,
105,dutchman-vineyard,
106,tildio-winery,
107,mellisoni-vineyards,
108,leonys-cellars-2,
109,cascade-cliffs-vineyard-winery-hood-river-or-tasting-room,
110,wahluke-wine-company,
111,skagit-crest-vineyard-winery-3,
112,vigneron-management,
113,isabella-grace-winery,
114,woodward-canyon-estate-vineyard,
115,gifford-vineyard,
116,sage-rat,
117,gramercy-cellars,
118,gramercy-cellars-2,
119,bartholomew-winery-kirkland,
120,moulton-falls-winery,
121,carthage-vineyard,
122,nirvana-wines,
123,amavi-cellars,
124,adytum-cellars,
125,three-rivers-winery,
126,rainmaker-farms-llc,
127,above-the-curve-vineyard,
128,audacity-wine-bar,
129,falling-rain-cellars,
130,ott-hunter-wines-tasting-room,
131,archipelago-beverage-company-wine,
132,wild-rose-vineyards,
133,edward-lynne-cellars,
134,avennia-tasting-room,
135,northwest-cellars-2,
136,candy-mountain-vineyards,
137,grosgrain-vineyards,
138,dalee-vineyard,
139,baroness-cellars,
140,discovery-vineyard,
141,epona-llc,
142,zeron-vineyards,
143,devona,
144,barrage-cellars,
145,cotes-de-ciel-walla-walla-tasting-room,
146,northwest-cellars,
147,cave-b-estate-winery,
148,dynasty-cellars-2,
149,skyfall-vineyard,
150,andrews-rowell,
151,hightower-cellars,
152,bertelson-vineyards,
153,gorge-crest,
154,cloudlift-cellars,
155,port-gardner-bay-winery-llc,
156,smoky-rose-cellars-2,
157,mosquito-fleet-winery,
158,weyns-farms,
159,charles-and-charles,
160,orr-wines,
161,sportfisher-vineyard,
162,stringtown-cellars,
163,craftsman-cellars-2,
164,grace-gorge-vineyard,
165,golden-ridge-vineyard,
166,ambassador-wines-of-washington,
167,heathen-estate,
168,spring-valley-vineyard-3,
169,greg-jones-vineyard,
170,cavallo-di-ferro,
171,cougar-crest-winery-woodinville-tasting-room,
172,cowan-fruit,
173,guardian-cellars-winery-and-tasting-room,
174,ellensburg-canyon-winery,
175,willow-crest-estate-vineyard,
176,co-dinn-cellars-best-wineries-in-yakima-valley,
177,glacier-view-cellars,
178,sweet-valley-wines,
179,silent-owl-vineyard,
180,maryhill-winery-spokane-tasting-room,
181,purtteman-estate-vineyard,
182,lake-roosevelt-shores-vineyard-and-winery,
183,walla-faces-estate-vineyard,
184,archeus-wines,
185,spring-valley-vineyard,
186,beet-road-vineyard,
187,isenhower-cellars-woodinville-tasting-room,
188,twin-cedars-winery,
189,eaglemount-wine-and-cider-2,
190,garys-vineyard,
191,mercer-canyons,
192,fox-orchards,
193,duckhorn-wine-company,
194,strawberry-hill-vineyards-llc,
195,maranna-vineyard,
196,aluel-cellars,
197,matranga-vineyards,
198,lawrence-vineyards,
199,barrister-winery,
200,fruitland-valley-vineyard-winery,
201,cadence,
202,trail-view-farm-inc,
203,bnu-tasting-room,
204,french-creek-vineyards-2,
205,jpj-family-enterprises,
206,tinte-cellars-woodinville-warehouse-district-winery-tasting-room,
207,hoodsport-winery,
208,smak-wines,
209,tertulia-cellars,
210,tucannon-cellars,
211,van-camp-cellars,
212,rocky-pond-winery,
213,eugene-d-startup,
214,andrew-will-winery,
215,eight-bells-winery,
216,patina,
217,stan-clarke-vineyard,
218,love-that-red-winery,
219,marrowstone-vineyards-2,
220,sulei-cellars,
221,shannon-faye-winery,
222,glacier-peak-winery,
223,gordon-estate-winery,
224,baer-winery-woodin-creek,
225,hyatt-vineyards-2,
226,winchester-vineyard-llc,
227,alder-creek-cellars,
228,col-solare,
229,vin-du-lac-winery-2,
230,hogue-cellars,
231,white-salmon-vineyard-2,
232,eagle-creek-winery,
233,otis-kenyon-wine-woodinville,
234,elerding-vineyard,
235,roosevelt-ridge-vineyard,
236,rulo-winery,
237,wine-oclock,
238,bunnell-family-cellar-tasting-room-woodinville,
239,grosgrain-vineyard,
240,mercer-estates-winery,
241,koi-pond-cellars,
242,mark-ryan-winery-walla-walla,
243,tamarack-cellars,
244,mill-lane-winery,
245,two-mountain-winery,
246,fidelitas,
247,shaw-mattawa-13-llc,
248,alton-wines,
249,brian-mcdermott,
250,cascade-cliffs-vineyard-winery,
251,chandler-reach-winery,
252,lake-chelan-tasting-room,
253,mellisoni-vineyards-2,
254,cheval-cellars,
255,usurious-wines-tasting-room,
256,the-lounge-at-delille-cellars,
257,dineen-vineyards-winery,
258,lush-wines,
259,estrin-estates,
260,malaga-springs-winery,
261,wynoochee-river-winery,
262,outlook-vineyard,
263,snowdrift-cider-company,
264,tildio-vineyard,
265,aquilini-red-mountain-vineyards,
266,del-rosario-family-vineyard-2,
267,simpatico-cellars,
268,blackwood-canyons-partners-llc,
269,andrews-hogue-vineyards,
270,westcott-bay-cider-2,
271,sugarloaf-vineyard,
272,lake-roosevelt-shores-vineyard,
273,stevens-winery,
274,skagit-crest-vineyard-winery-2,
275,minnick-hills-vineyards,
276,barili-cellars,
277,wit-cellars,
278,kestrel-vintners,
279,aldercreek-vineyard,
280,jm-cellars-bramble-bump,
281,dead-crow,
282,bunnell-family-wine-bar-wine-oclock,
283,the-tasting-room,
284,cedergreen-cellars,
285,gard-vintners-ellensburg-tasting-room,
286,sozo-planet,
287,magdalena-vineyard,
288,celaeno-winery,
289,cayuse-vineyards,
290,eagle-creek-winery-2,
291,three-of-cups,
292,sleight-of-hand-cellars,
293,revelry-vintners,
294,stavalaura-vineyards-and-winery,
295,walla-faces-wine-inns-art,
296,patterson-cellars-warehouse-district-winery-tasting-room,
297,karma-vineyards-2,
298,shaw-mattawa-8,
299,waterbrook-winery,
300,animale,
301,dead-canyon-vineyard-llc,
302,horse-heart-vineyard,
303,longship-cellars-tasting-room,
304,succession-winery,
305,page-cellars-2,
306,willow-run-vineyard,
307,trezzi-farm-2,
308,alexandria-nicole-cellars-woodin-creek,
309,warm-springs-inn-winery,
310,dusted-valley-walla-walla-tasting-room,
311,col-solare-vineyard,
312,amaurice-cellars,
313,wykoff-farms,
314,chapel-storm-winery,
315,avennia,
316,roskamp-vineyard,
317,oomrang-winery,
318,fairwinds-winery,
319,va-piano-vineyards-walla-walla-tasting-room,
320,knight-hill-winery-2,
321,hrp-enterprises,
322,soluna-vineyard,
323,eritage-vineyards,
324,spiral-wine-selection-llc,
325,horan-estates-winery-llc,
326,merry-cellars,
327,mt-st-helens-cellars-2,
328,rocky-pond-winery-woodinville,
329,rkp-vineyard,
330,momento-cellars,
331,madsen-family-cellars,
332,sun-river-vintners,
333,dolio-winery-vineyard,
334,michaelas-vineyard,
335,beaumont-cellars-woodinville-tasting-room,
336,wautoma-springs-vineyard,
337,robert-karl-cellars,
338,benson-vineyards-estate-winery-2,
339,maryhill-winery-vancouver-tasting-room,
340,viscon-cellars,
341,icicle-ridge-winery-2,
342,maury-island-winery-2,
343,olalla-vineyard-winery,
344,clos-chevalle-vineyards,
345,red-willow-vineyards,
346,groth-vineyards-nw,
347,wt-vintners,
348,klickitat-canyon-columbia-gorge-winery,
349,forsyth-family-vintners,
350,historic-downtown-poulsbo,
351,white-bluffs-vineyard,
352,fortuity-cellars,
353,sol-stone-winery,
354,eliason-vineyard,
355,cultura-wine,
356,forgotten-hills,
357,rothrock-vineyard,
358,rocky-pond-winery-chelan,
359,bethany-vineyard-winery,
360,burke-vineyard-2,
361,shaw-red-mountain-32-llc,
362,heisen-house-vineyards,
363,badger-mountain-vineyard-2,
364,renegade-room-by-montescarlatto,
365,canyons-gate-vineyard,
366,reyna-orchard-llc,
367,portteus-2,
368,walla-walla-vintners-3,
369,sunny-roza-vineyard,
370,la-chanterelle-winery,
371,kestrel-vintners-in-leavenworth,
372,willard-farms-inc,
373,cherry-valley-winery,
374,skagit-cellars,
375,aria-vineyard,
376,red-mountain-partners,
377,wickersham,
378,black-river-winery-2,
379,aniche-cellars,
380,velen-winery,
381,three-rivers-winery-2,
382,js-crushing-llc,
383,eagle-harbor-wine-co,
384,riverview-vineyard,
385,twenty-two-cellars,
386,tipsy-canyon-winery,
387,brylen-assoc-vineyard,
388,mullan-road-cellar,
389,va-piano-vineyards,
390,veranda-beach-vineyards,
391,bear-barton-vineyards,
392,tytonidae-cellars,
393,purple-star-winery,
394,nxnw-winery,
395,bella-terrazza-vineyards,
396,white-salmon-vineyard,
397,schilling-cider,
398,thurston-wolfe-winery,
399,fall-line-winery,
400,enchanted-cellars,
401,one-wines-inc,
402,oak-ridge-vineyard,
403,vartanyan-estate-winery,
404,pontin-del-roza-winery,
405,eagle-haven-winery,
406,methow-valley-ciderhouse,
407,pontin-vineyard,
408,suhadolnik-farms,
409,the-jaine-cottage,
410,tremasi-vineyards,
411,abbe-vineyard,
412,sightglass-cellars,
413,vics-vineyard,
414,fjellene-cellars,
415,kolibri-enterprises-llc,
416,barnard-griffin-vancouver,
417,delille-cellars,
418,jones-of-washington-pybus-public-market-tasting-room,
419,kenny-hill-vineyard-llc,
420,grapevine-associates-2,
421,milbrandt-family-wines-woodinville-tasting-room,
422,sodo-tasting-room,
423,bloxom-company,
424,rustygrape-vineyards-2,
425,townshend-cellar,
426,piper-farms,
427,soos-creek-wine-cellars,
428,southard-winery,
429,skylite-cellars-vineyard,
430,foundry-vineyards,
431,pine-lake-cellars,
432,r-r-poet,
433,tranche,
434,aspenwood-cellars,
435,hogue-ranches-2,
436,venture-cellars,
437,wild-rose-vineyards-2,
438,winchester-estate-winery,
439,corral-creek-cellars,
440,truthteller-winery,
441,irving-newhouse-sons-inc,
442,white-bluff-ii,
443,stone-ridge-vineyards,
444,mastrogiannis-distillery,
445,oomrang-vineyard,
446,westport-winery-garden-resort,
447,taylor-vineyard,
448,harbinator-wines,
449,the-dwelley-vineyard-llc,
450,milbrandt-family-wines-leavenworth-tasting-room,
451,martinez-vineyard,
452,moonlight-sparkling-wine-cellar,
453,milbrandt-evergreen,
454,longwinds-vineyard,
455,tsillan-cellars-woodinville-tasting-room,
456,columbia-grapes,
457,morrison-lane-2,
458,mark-ryan-winery-woodinville,
459,capstone-cellars,
460,chateau-ste-michelle,
461,dahlman-cellars,
462,pepper-bridge-winery,
463,hinzerling-winery,
464,rainmaker-farms-llc-2,
465,myers-wine-co,
466,nota-bene-cellars,
467,bainbridge-grapes,
468,medicine-creek-winery,
469,t2-cellar,
470,elsom-cellars,
471,sleight-of-hand-cellars-sodo,
472,columbia-crest-estate-vineyard,
473,pearblossom-vineyards,
474,forgeron-cellars-woodinville-tasting-room,
475,diamondback-ridge-vineyard,
476,lake-chelan-winery,
477,gibbons-lane-winery,
478,boudreaux-cellars-downtown-leavenworth-tasting-room,
479,sixknot-cider,
480,frazier-bluff-farms,
481,j-b-fruit,
482,antolin-cellars-tasting-room,
483,salvador-cruz-vineyard,
484,glacier-gravels-vineyard,
485,matteo-wines,
486,gard-vintners-woodinville-tasting-room,
487,whidbey-island-vineyard-winery-2,
488,prohibition-cellars,
489,entiat-wines,
490,boudreaux-cellars,
491,kinhaven-vineyard,
492,langley-vineyard-farm,
493,kalamar-winery,
494,james-vineyard,
495,cooper-estate-vineyard-c-e-v,
496,blackrock-holding-llc,
497,rush-lattin-cellars-llc,
498,kirk-weets,
499,bodega-palencia,
500,piolet-vintners,
501,warm-springs-inn-winery-2,
502,alpenfire-orchards-llc,
503,eagle-harbor-wine-co-tasting-room,
504,portteus,
505,conner-lee-vineyard,
506,sleeping-dog-wines,
507,portuguese-hill-vineyard,
508,riley-sexton-vintners,
509,tinte-cellars-woodinville-hollywood-hill,
510,snowgrass-winery-2,
511,des-voigne-cellars-b-side-brewing,
512,skylite-cellars,
513,washington-wines-spanish-grapes,
514,wells-winery-2,
515,jewett-creek-vineyards,
516,virgil-gamache-farms-inc,
517,joseph-christy-vineyards,
518,whitman-hill-winery,
519,https-www-briancartercellars-com-visit-our-tasting-room-woodinville-tasting-room,
520,cougar-coyote-vineyard,
521,landry-enterprises,
522,errant-cellars-2,
523,tanjuli-winery,
524,greg-jones-farms,
525,bayernmoor-vineyard-2,
526,gary-niemeyer,
527,wahluke-slope-vineyard,
528,amos-rome-vineyards,
529,nodland-cellars,
530,sconni-block,
531,stringtown-cellars-2,
532,castillo-de-feliciana-estate,
533,alta-cellars,
534,cor-estate-vineyard,
535,the-walls,
536,winescape,
537,recusant-cellars,
538,red-band-cellars,
539,chukar-ridge-vineyard,
540,artz-vineyards,
541,old-milton-vineyard,
542,cheval-cellars-2,
543,bontzu-cellars,
544,medicine-creek-winery-2,
545,salida-wine-bar,
546,muret-gaston-winery,
547,amaurice-vineyards,
548,aesir-meadery-co,
549,trust-cellars,
550,mason-creek-vineyards,
551,marcus-sophia-winery,
552,pondera-winery,
553,browne-family-vineyards-seattle,
554,barreca-vineyards,
555,lane-cellars-2,
556,vin-du-lac-winery,
557,dillon-cellars,
558,horizons-edge-vineyard,
559,sous-sol-winery,
560,nefarious-cellars-2,
561,wallula-vineyards,
562,obelisco-estates,
563,almquist-family,
564,tunnel-hill-winery,
565,king-fuji-ranch-inc,
566,epona-llc-2,
567,kevin-white-winery,
568,hattrupfarms,
569,shackelford-vintners,
570,cascade-cliffs-vineyard-winery-2,
571,martin-scott-winery,
572,cougar-hills-vineyard,
573,kendall-farms,
574,kolibri-vineyard-and-winery,
575,san-juan-vineyard,
576,skagit-cellars-manson-lake-chelan,
577,two-bluffs,
578,upchurch-vineyard-winery,
579,dowsett-family-winery,
580,fontaine-estates-2,
581,chateau-faire-le-pont,
582,c-r-sandidge-wines,
583,chinook-wines,
584,basel-cellars-woodinville-tasting-room,
585,synne-cellars-2,
586,obelisco-estate-llc,
587,el-corazon-winery,
588,bader-beer-wine-supply,
589,obrien-farms-vineyard,
590,rotie-rocks-estate-tasting-room,
591,king-organics-inc,
592,coventry-vale-vineyards,
593,v-du-v-wines,
594,sonder-wines,
595,martedi-winery,
596,buried-cane,
597,flying-dreams-winery,
598,dunham-cellars,
599,desert-wind-estate-vineyard,
600,radiance-winery-downtown,
601,franciscas-vineyard,
602,ferguson-vineyard,
603,mccormick-family-vineyards,
604,mach-one-vineyard,
605,wine-science-center,
606,orenda-winery,
607,adamant-cellars,
608,chateau-noelle-vineyards-winery,
609,karma-vineyards,
610,pheasant,
611,lady-hawk-vineyard,
612,cote-bonneville,
613,del-rosario-family-vineyard,
614,les-gosses-vineyard,
615,curtiss-m-gilbert-family-llc,
616,stottle-winery-hoodsport-tasting-room,
617,quilceda-associates,
618,copper-mountain-vineyards,
619,sigillo-cellars,
620,columbia-gorge-vintners-llc,
621,vital-wines,
622,leonys-cellars,
623,two-vintners,
624,el-castillo,
625,mundy-farms,
626,roundtree-vineyard,
627,canvasback-wine,
628,amos-rome-vineyards-high-blossom-estate,
629,cayuse-vineyards-2,
630,rezabek-vineyards,
631,award-winning-palouse-winery,
632,barreca-vineyards-2,
633,antolin-cellars,
634,flume-vineyard,
635,basel-cellars-estate-winery,
636,sauer-orchard-vineyard,
637,cor-cellars,
638,domaine-pouillon-2,
639,kana-winery-3,
640,rolling-bay-winery,
641,columbia-mirage-vineyard,
642,fielding-hills-winery,
643,valdemar-estates,
644,spring-valley-vineyard-2,
645,alexandria-nicole-cellars-prosser,
646,bellissimo-cellars,
647,domanico-vineyards,
648,trillium-creek-winery-2,
649,browne-family-estate-vineyard,
650,pasek-cellars-winery,
651,armstrong-family-winery-woodinville-tasting-room,
652,mt-st-helens-cellars-3,
653,des-etes-longs,
654,smasne-cellars,
655,obrien-5-cellars,
656,les-vignes-le-tendre,
657,sugar-horse-cellars,
658,buckshot-vineyard,
659,vintage-wine-bar-plaza,
660,canoe-ridge-vineyard-4,
661,cave-b-kennewick-tasting-room,
662,time-direction,
663,kbw-vineyards,
664,pheasant-run-vineyard,
665,barrel-springs-estate-vineyard,
666,archie-den-hoed-farms,
667,black-river-winery,
668,chatter-creek-winery,
669,domanico-cellars,
670,telve-di-sopra-vineyard-2,
671,pollard-vineyard-llc,
672,sky-river-meadery,
673,goose-ridge-estate-winery-woodinville,
674,rio-vista-vineyard,
675,k-vintners,
676,synne-cellars,
677,cougar-vineyard,
678,upchurch-vineyard,
679,devleming-estate-vineyard,
680,goose-ridge-estate-vineyard-and-winery,
681,nine-hats-wines,
682,lost-river-winery,
683,reininger-winery,
684,willow-crest-winery,
685,bateaux-cellars,
686,michael-florentino-cellars-2,
687,radix-winery,
688,gilbert-vineyards,
689,darby-winery,
690,northstar-winery,
691,carpenter-creek-winery,
692,tetrahedron-wines,
693,bayernmoor-vineyard,
694,andrews-family-vineyards,
695,westcott-bay-cider,
696,columbia-fruit-packers,
697,legoe-bay-winery,
698,wolfpack-cellars,
699,dh-grandview-farms,
700,flanagan-jones-inc,
701,weets-farms,
702,bg-farms-columbia-river-vineyards,
703,sovereign-cellars,
704,sunset-vineyards,
705,camaraderie-cellars,
706,silvara-vineyards,
707,vessel-wines,
708,upland,
709,heymann-whinery,
710,snowgrass-winery,
711,tierra-de-lobos-winery-tasting-room,
712,walla-walla-community-college,
713,mission-hills-vineyard,
714,stinas-cellars,
715,archibaldjames,
716,hamilton-cellars,
717,bethany-vineyard-winery-2,
718,maralblis-estate-winery,
719,wilridge-wine-bar-tasting-room,
720,brook-bull-cellars,
721,chapel-storm,
722,otis-kenyon-wine,
723,sheridan-vineyard,
724,rainier-view-winery,
725,lupine-vineyards-llc,
726,le-doubble-troubble-wines,
727,gard-vintners-walla-walla-tasting-room,
728,bella-vita-vineyards,
729,elephant-seven,
730,finn-hill-winery,
731,frichette-winery,
732,chateau-rollat,
733,stottle-winery,
734,canoe-ridge-vineyard-3,
735,meadowlark-vineyard,
736,radiance-winery,
737,ml-taggares-inc,
738,antoine-creek-vineyards-llc,
739,bergevin-springs-vineyard,
740,cheval-cellars-3,
741,syzygy,
742,wind-rose-cellars-2,
743,gordon-estate-tasting-room,
744,double-d-vineyards-llc,
745,fletcher-bay-winery-winslow-way-tasting-room,
746,goose-ridge-estate-winery-walla-walla,
747,dean-morrison,
748,rezabek-vineyards-winery,
749,angiolina-farm,
750,eleven,
751,minerva-vineyard,
752,hestia-cellars,
753,noble-wolf,
754,thrall-dodge-winery-llc,
755,dusted-valley-woodinville-tasting-room,
756,cellar-55-tasting-room,
757,terra-blanca-spokane,
758,mark-ryan-winery-the-annex,
759,mount-si-winery,
760,owen-roe,
761,eaglemount-wine-and-cider,
762,shamrock-orchards-llc,
763,sheridan-vineyard-2,
764,chateau-faire-le-pont-leavenworth-tasting-room,
765,bowman-orchards,
766,sonrisa-vineyard,
767,icicle-ridge-winery,
768,yakima-valley-vintners-tasting-room,
769,alexander-myszkowski-vineyard,
770,gunkel-orchards,
771,lone-point-cellars,
772,heritage-by-lecole-wine-bar,
773,balboa-winery,
774,bonair-winery,
775,hard-row-to-hoe-vineyards,
776,yellow-bird-vineyard,
777,shaw-red-mountain-llc,
778,slide-mountain-vineyard,
779,grapevine-associates,
780,comforts-of-whidbey-vineyard,
781,mccrea-cellars,
782,copeland-vineyard,
783,dragons-head-cider,
784,andrews-horse-heaven-ranch-inc-a,
785,stemilt-creek-winery,
786,grand-ciel-vineyard,
787,covington-cellars-at-the-vault,
788,cascade-cliffs-vineyard-winery-woodinville-tasting-room,
789,familigia-vineyards,
790,structure-cellars-winery-tasting-roomevent-spaces,
791,five-star-cellars,
792,rustygrape-vineyards,
793,savage-grace-wines,
794,purple-sage,
795,castillo-de-feliciana-winery,
796,lecole-no-41-2,
797,matranga-vineyards-2,
798,larc-hill-vineyard,
799,fivash-cellars,
800,upchurch-vineyard-the-barn-on-red-mountain,
801,pearl-and-stone-wine-co-2,
802,willis-hall,
803,charles-smith-wines-jet-city,
804,rider-cellars,
805,seattle-cider-co,
806,cj-orchards-inc,
807,three-brothers-vineyard-winery-2,
808,virginia-thomas-winery,
809,sonoris-wines,
810,cooper,
811,caprio-cellars,
812,villa-monaco,
813,frenchman-hills-vineyard,
814,millennium-vineyards,
815,kiona-estate-vineyard,
816,woohoo-winery-2,
817,dama-wines,
818,yakima-valley-vintners,
819,masset-winery,
820,cave-b-estate-winery-woodinville-tasting-room,
821,domaine-pouillon,
822,olsen-vineyards,
823,morrison-lane,
824,mariposa-vineyard,
825,smoky-rose-cellars,
826,rosa-mystica-vineyard,
827,brender-canyon-vineyard,
828,dubrul-vineyard,
829,garrison-creek-cellars-2,
830,sightglass-cellars-2,
831,virtue-cellars-winery,
832,sparkman-cellars,
833,burnt-bridge-cellars,
834,maloney-wine,
835,stone-tree-vineyard-1,
836,gardena-creek-winery,
837,fidelitas-2,
838,saviah-cellars-2,
839,victor-alexander,
840,chelan-wine-company,
841,sunlit-canyon-cellars,
842,canoe-ridge-vineyard,
843,kiona-vineyards-and-winery-red-mountain,
844,washington-fruit-produce,
845,four-feathers-wine-estates,
846,marchant-vineyards-inc,
847,jmst-llc,
848,cara-mia-vineyard,
849,jb-neufeld,
850,arbor-crest-cliff-estate,
851,ciel-du-cheval,
852,long-shadows-vintners-2,
853,proper-house-of-bones-tasting-lounge,
854,fruitland-valley-vineyard,
855,grit-city-ciderworks,
856,auclair-winery-2,
857,tagaris-winery,
858,tapteil-vineyard-2,
859,confluence-vineyards-and-winery,
860,dolio-winery,
861,hard-hat-winery,
862,saintpaulia-vintners,
863,nine-canyon-farms,
864,arete-vineyards-inc,
865,austin-sharp-vineyards,
866,phinny-hill-vineyards-llc,
867,crawford-vineyard,
868,winemakers-llc-arv,
869,knight-hill-winery,
870,plumb-cellars,
871,genoa-cellars,
872,mother-block,
873,english-estate-winery-2,
874,lighthouse-cellars,
875,above-the-curve-winery,
876,dalkeith-farm,
877,dusty-cellars-winery,
878,lantz-cellars,
879,upland-estates-winery,
880,sin-banderas-wines,
881,destiny-ridge-vineyard,
882,madrone-cellars-tasting-room,
883,nocking-point-wines,
884,devison-vintners,
885,terra-blanca-winery-estate-vineyard,
886,walla-walla-river-farm-vineyard,
887,stillwater-creek-vineyard,
888,prospice-wines,
889,lodmell-cellars,
890,madrona-bay,
891,desert-view,
892,flying-b-vineyard,
893,farmhand-winery,
894,gifford-hirlinger,
895,lecole-no-41,
896,gard-vintners-estate-winery,
897,browne-family-vineyards-tacoma,
898,trudy-a-davis,
899,hightower-vineyard,
900,underwood-mountain-vineyards,
901,cascade-cellars-llc,
902,nine-canyon-organics-llc,
903,occasus,
904,long-cellars,
905,gorman-winer-at-the-vault,
906,cavu-cellars,
907,hyatt-vineyards,
908,kitzke-family-vineyards,
909,bartholomew-winery,
910,bainbridge-vineyards,
911,energeia-vineyard,
912,armstrong-family-winery-downtown-walla-walla-tasting-room,
913,naked-winery-washington-wines,
914,kestrel-vintners-in-woodinville,
915,cairdeas-winery,
916,quilceda-creek,
917,sonder-wines-2,
918,story-cellars-winery,
919,mckinley-springs-winery,
920,portrait-cellars,
921,locati-cellars,
922,fontaine-estates,
923,white-dog-farm,
924,shaw-red-mountain-15-llc,
925,leonetti-cellar,
926,waving-tree-tasting-room-maryhill,
927,dusted-valley,
928,abc-test-vineyard,
929,caprio-cellars-2,
930,tierra-de-lobos-winery,
931,deux-soldats,
932,jeff-jones-farms,
933,tieton-cider-works,
934,shaw-mattawa-400-llc,
935,bonair-winery-and-vineyards,
936,cedar-river-cellars,
937,dancing-fish-vineyards-2,
938,coach-house-cellars,
939,auclair-winery,
940,j-bookwalter-tasting-studio,
941,vanarnam-vineyards-2,
942,treveri-cellars,
943,columbia-crest,
944,strand-vineyard,
945,ginkgo-tacoma,
946,hilltop-vineyard-partnership,
947,gng-vineyard,
948,blue-mountain-cellars,
949,explore-buty-winery,
950,parejas-cellars,
951,laterus,
952,abigail-marie-vineyard,
953,crayelle-cellars,
954,native-river-vineyard,
955,newhouse-family-vineyards,
956,san-juan-vineyard-2,
957,thrall-dodge-tasting-room,
958,jacob-williams-winery,
959,mas-chappell,
960,randolph-cellars-winery,
961,whidbey-island-vineyard-winery,
962,vino-aquino,
963,palengat-vineyard-llc,
964,wit-cellars-tasting-room,
965,olequa-cellars,
966,heisen-house-vineyards-3,
967,arthur-j-den-hoed-inc,
968,pepper-bridge-vineyards,
969,lagana-cellars-2,
970,whistling-hills-vineyard,
971,winemakers,
972,gfw-llc,
973,j-s-vineyards,
974,shiloh-estate-cellars,
975,uva-furem-winery,
976,cougar-crest-winery-dundee,
977,foundry-vineyards-seattle-tasting-room,
978,neppel-cellars,
979,les-collines-vineyard,
980,latah-creek-wine-cellars,
981,darby-wines-woodinville-tasting-room,
982,evergreen-vineyards,
983,hezel-vineyard,
984,al-fountain-vineyard,
985,klipsun-vineyards,
986,chelan-ridge-winery,
987,pomum-cellars,
988,william-grassie-wine-estates,
989,damsel-cellars,
990,gouger-cellars-winery-llc,
991,weathereye-llc,
992,gramercy-estate,
993,maison-bleue,
994,northstar-vineyard,
995,crooked-barrel-vineyard,
996,inland-desert-nursery,
997,mount-si-tasting-room,
998,truthteller-walla-walla-tasting-room,
999,canoe-ridge-estate-vineyard,
1000,a-family-owned-boutique-winery-tasting-room,
1001,muret-gaston-vineyard,
1002,olalla-valley-vineyard-winery-llc,
1003,wells-winery,
1004,golden-ridge-cellars,
1005,ee-shaw-vineyards,
1006,mackey-vineyards,
1007,hard-row-to-hoe-vineyards-leavenworth-tasting-parlour,
1008,alice-vineyard,
1009,equus-vineyards,
1010,ceili-winery,
1011,daven-lore-winery,
1012,chandler-reach-vineyards,
1013,coyote-vineyard,
1014,frol-family-vineyard,
1015,syncline,
1016,house-of-smith-downtown-walla-walla,
1017,blooms-winery,
1018,desert-wind-winery-2,
1019,maryhill-winery-woodinville-tasting-room,
1020,reynvaan-family-vineyards,
1021,abbe-vineyard-winery,
1022,coyote-canyon-winery,
1023,jones-of-washington,
1024,jm-cellars,
1025,davidson-vineyard,
1026,raptor-river-vineyard,
1027,walla-walla-vintners,
1028,dumas-station-wines,
1029,morrison-vineyard,
1030,ancestry-cellars-manson-tasting-room,
1031,kasia-winery,
1032,long-shadows-vintners,
1033,kontos-cellars,
1034,gregarious-cellars,
1035,treveri-estate-vineyard,
1036,riverbend-vineyard-2,
1037,hood-river-tasting-room,
1038,woohoo-winery,
1039,two-loons-winery,
1040,leonetti-cellar-2,
1041,sonny-daze-cellars,
1042,entiat-valley-vineyards-llc,
1043,camas-cove-cellars,
1044,aquilini-horse-heaven-hills-vineyards,
1045,fish-brewing-co,
1046,rider-family-vineyards,
1047,shaw-red-mountain-henry-earl-estates-llc,
1048,sagemoor-vineyards,
1049,double-canyon,
1050,whiskey-barrel-cider-company,
1051,bouchard-lake-winery,
1052,bayernmoor-cellars-at-woodin-creek-village,
1053,hawkins-cellars,
1054,double-canyon-vineyard,
1055,laurelhurst-cellars,
1056,liberty-lake-wine-cellars,
1057,distefano-winery,
1058,archibald-james,
1059,seven-hills-winery,
1060,chateau-noelle-vineyards-winery-2,
1061,foolhardy-vintners,
1062,tsillan-cellars-2,
1063,tudor-hills-vineyard,
1064,naches-heights-vineyard-winery-nhv-2,
1065,waters-winery,
1066,roland-wines,
1067,woodinville-custom-wines,
1068,lagana-cellars,
1069,alpenfire-cider,
1070,balcom-moe-inc,
1071,lonesome-spring-ranch,
1072,diane-boly,
1073,northwest-wine-academy,
1074,lupine-vineyards,
1075,buckeye-vineyard,
1076,wallula-gap-vineyards,
1077,carls-pond-winery,
1078,covington-cellars-2,
1079,gorman-winery,
1080,barons-winery,
1081,rotie-cellars,
1082,eternal-wines-drink-washington-state,
1083,isenhower-cellars,
1084,michaels-vineyard,
1085,simcoe-creek-winery,
1086,heisen-house-vineyards-2,
1087,english-estate-winery,
1088,edward-lynne-cellars-2,
1089,adams-bench-winery-woodin-creek-tasting-room,
1090,twilight-cider-works,
1091,guardian-cellars-tasting-room,
1092,lodmell-vineyards,
1093,boushey-vineyards,
1094,crawford-vineyards,
1095,adams-bench,
1096,prosser-vineyard-winery-2,
1097,whiskey-canyon-vineyards,
1098,dineen-vineyards,
1099,novelty-hill-januik-winery,
1100,tanjuli-vineyard,
1101,gilbert-cellars-winery,
1102,foxy-roxy-wine-company,
1103,desert-wind-winery,
1104,snipes-mountain-vineyards,
1105,covington-cellars,
1106,china-bend-vineyards-2,
1107,market-vineyards,
1108,shaw-horn-rapids,
1109,terra-blanca-winery-estate-vineyard-2,
1110,jones-of-washington-2,
1111,kana-winery-2,
1112,whiskey-gulch-llc,
1113,jones-of-washington-quincy-public-market-tasting-room,
1114,efeste,
1115,marrowstone-vineyards,
1116,elevation-cellars,
1117,heart-of-the-hill,
1118,elizabeth-vineyard,
1119,aquilini-brands-usa-inc,
1120,trillium-creek-winery,
1121,glacial-lake-missoula-wine-co-glm,
1122,college-cellars-of-walla-walla,
1123,yakima-valley-college-teaching-winery,
1124,graves-vineyard,
1125,white-heron-cellars,
1126,burke-vineyard,
1127,tucannon-cellars-2,
1128,warr-king-wines,
1129,sul-lago-winery-coffee,
1130,doebler-orchards-inc,
1131,sulei-cellars-vancouver-tasting-room,
1132,tricycle-cellars,
1133,icon-cellars,
1134,airfield-estates-vancouver-tasting-room,
1135,waving-tree-tasting-room,
1136,rasa-vineyards,
1137,tinte-cellars,
1138,obelisco-estate-leavenworth,
1139,ventimiglia-cellars,
1140,siren-song-wines,
1141,rocky-reach-estate-vineyard,
1142,sonny-daze-cellars-2,
1143,bledsoe-family-winery,
1144,naches-heights-vineyard-winery-nhv,
1145,adamant-cellars-2,
1146,monte-scarlatto-estate-winery-and-vineyard,
1147,claar-cellars,
1148,sigillo-cellars-2,
1149,chateau-rollat-winery-llc,
1150,three-brothers-vineyard-winery,
1151,tsillan-cellars,
1152,lopez-island-vineyards-winery,
1153,horizons-edge-winery,
1154,sailor-vineyard,
1155,vibe-cellars-tasting-room,
1156,jm-cellars-estate-vineyard-margarets-vineyard,
1157,siren-of-the-lake-vineyard,
1158,gunpowder-creek-llc,
1159,allechant-vineyards,
1160,wild-rose-vineyard,
1161,coyote-canyon-vineyards,
1162,kerloo-cellars,
1163,china-bend-vineyards,
1164,hard-hat-winery-2,
1165,artifex-wine-company,
1166,basel-cellars-leavenworth-tasting-room,
1167,az-living,
1168,thurtle-vineyard,
1169,two-blondes-vineyard,
1170,lane-cellars,
1171,braden-heights-vineyard,
1172,canoe-ridge-vineyard-2,
1173,maury-island-winery,
1174,tunnel-hill-winery-2,
1175,michael-florentino-cellars,
1176,desert-aire-vineyard,
1177,scatter-creek-winery,
1178,waving-tree-vineyards,
1179,hierophant-meadery,
1180,syncline-winery,
1181,alia-wines,
1182,pinebrake-vineyard,
1183,benson-vineyards-estate-winery,
1184,kinhaven-winery,
1185,hedges-family-estate,
1186,mt-st-helens-cellars,
1187,kamiak-vineyards,
1188,silver-bell-winery,
1189,lone-point-cellars-2,
1190,flerchinger-vineyards-and-winery,
1191,palencia-wine-co,
1192,bosma-ag,
1193,valley-grove-vineyard,
1194,laht-neppur-cellars,
1195,waterbrook-winery-2,
1196,abberin-vineyard,
1197,hogue-ranches,
1198,four-lakes-winery,
1199,tinte-estates-vineyard,
1200,lord-lion-winery,
1201,perennial-vintners,
1202,tinte-cellars-seattle-georgetown,
1203,dry-lake-vineyards,
1204,goose-ridge-estate-vineyard,
1205,samson-estates-winery-2,
1206,alexandria-nicole-cellars-destiny-ridge,
1207,welcome-road-winery,
1208,t2-cellar-llc,
1209,eilers-farms,
1210,south-hill-vineyards,
1211,journey-west-vineyard,
1212,echolands-winery,
1213,konnowac-vineyard,
1214,zephyr-ridge-vineyard-llc,
1215,figgins,
1216,lopez-island-vineyards,
1217,goose-ridge-estate-winery-leavenworth,
1218,plain-cellars-llc,
1219,canyon-vineyard-ranch,
1220,j-bell-cellars,
1221,mansion-creek-cellars,
1222,parejas-cellars-2,
1223,echolands-winery-tasting-room,
1224,descendant-cellars,
1225,waterbrook-estate-vineyard,
1226,reynvaan-family-vineyard,
1227,savage-grace-vineyard,
1228,bella-terrazza-vineyards-2,
1229,lone-birch-winery,
1230,hinzerling-estate,
1231,sauer-mountain-vineyard,
1232,kestrel-view-estates,
1233,truthteller-woodinville-tasting-room,
1234,pellet-estate-vineyard-walla-walla,
1235,secret-squirrel,
1236,plain-cellars-downtown,
1237,castillo-de-feliciana-woodinville-tasting-room,
1238,dynasty-cellars,
1239,confluence-vineyards-winery,
1240,finnriver-farm-cidery,
1241,abeja-2,
1242,helix-wines-spokane-tasting-room,
1243,madrone-cellars,
1244,malaga-springs-winery-2,
1245,passing-time,
1246,l3-wines-llc,
1247,page-cellars,
1248,brunos-by-va-piano,
1249,sailor-vineyard-2,
1250,chorus-frog-winery,
1251,lullaby,
1252,twb-pine-creek-llc,
1253,wawawai-canyon,
1254,ribbon-cliff,
1255,stomani-cellars,
1256,martinez-martinez-winery,
1257,callan-cellars,
1258,brady-cellars,
1259,washington-vineyards,
1260,monkey-winery-corporation,
1261,lake-chelan-winery-2,
1262,chateau-beck,
1263,columbia-winery,
1264,cawley-vineyards,
1265,wilridge-vineyard,
1266,pearl-and-stone-wine-co,
1267,lawrelin-wine-cellars,
1268,r-a-f-farms,
1269,rio-vista-winery-llc,
1270,bel-villa-vineyard,
1271,noviello-vineyards,
1272,efeste-2,
1273,water-from-wine-2,
1274,milbrandt-family-wines-llc,
1275,anelare,
1276,comforts-of-whidbey,
1277,the-bunnell-family-cellar,
1278,salida,
1279,philips-vineyard,
1280,navarre-coulee-vineyards,
1281,tipsy-canyon-vineyard,
1282,glacier-peak-vineyard,
1283,local-cool-climate-quality,
1284,betz-family-winery-rhone-style-wines,
1285,den-hoed-wine-estates,
1286,nefarious-cellars-3,
1287,cougar-crest-estate-winery,
1288,canyons-red-mountain-vineyard-llc,
1289,ranch-at-the-end-of-the-road-2,
1290,ancient-stones-vineyard,
1291,lobo-hills,
1292,antolin-estate-vineyard,
1293,wautoma-springs-winery,
1294,sonnet-vineyard,
1295,jolet-vineyard,
1296,gino-cuneo-cellars,
1297,red-mountain-vineyard-llc,
1298,ott-hunter-wines-shc,
1299,severino-cellars-2,
1300,pacific-rim,
1301,south-hill-winery,
1302,springboard-winery,
1303,shaw-mattawa-1,
1304,camas-cove-vineyards,
1305,stemilt-creek-winery-tasting-room,
1306,wilridge-winery-seattle,
1307,sheridan-vineyard-3,
1308,riverbend-vineyard,
1309,keira-cellars,
1310,doubleback,
1311,ancestry-cellars-woodinville-tasting-room,
1312,pasxa-at-the-walls,
1313,whitman-hill-vineyard,
1314,westhill-orchard,
1315,monte-scarlatto-estate,
1316,water-from-wine-leavenworth,
1317,pine-creek-vineyard,
1318,walla-walla-vintners-cut-bank-estate-vineyard,
1319,marcusen-milbrandt,
1320,prosser-vineyard-winery,
1321,columbia-washington-orchards-llc,
1322,alexander-the-grape,
1323,brian-carter-cellars,
1324,lookout-point-winery,
1325,js-crushing-llc-2,
1326,willow-run-vineyard-2,
1327,red-mountain-trails-winery,
1328,airport-ranch-wine-estates,
1329,beaumont-cellars-winery-in-quincy,
1330,white-heron-cellars-2,
1331,whitewood-cider-co,
1332,walter-dacon-wines,
1333,efeste-vineyard-llc,
1334,willow-wine-cellars,
1335,patterson-cellars-leavenworth-tasting-room,
1336,chateau-lill,
1337,babick-cellars-llc,
1338,brady-cellars-2,
1339,quintessence-vineyard,
1340,los-oidos-vineyards,
1341,vinaceus-wine-boss,
1342,wanaka-winery,
1343,familigia-vineyards-2,
1344,furion-cellars,
1345,atavus,
1346,townshend-cellar-tasting-room,
1347,alleromb,
1348,underground-wine-project,
1349,methow-valley-winery,
1350,agape-vineyard-inc,
1351,sunset-bench-2,
1352,pomeroy-cellars-2,
1353,redpath-vineyard,
1354,wasem-estate-vineyard,
1355,ross-andrew-winery,
1356,sol-stone-winery-production,
1357,aluve,
1358,lucky-bohemian-farm,
1359,ribbon-cliff-vineyards,
1360,smasne-cellars-woodinville,
1361,locus-wines,
1362,bergdorf-cellars,
1363,cougar-crest-winery-spokane-tasting-room,
1364,trothe,
1365,usurious-wines,
1366,market-vineyards-woodinville-tasting-room,
1367,wawawai-canyon-vineyard,
1368,stonemarker,
1369,pomeroy-cellars,
1370,latta-wines,
1371,ancestry-cellars,
1372,menozzi-estate-vineyard,
1373,tulpen-cellars,
1374,pisel-wilbur-vineyard,
1375,wilridge-winery-woodinville,
1376,baer-winery,
1377,barnard-griffin-winery,
1378,moose-canyon-winery,
1379,somme-des-parties,
1380,lee-palamo-vineyard,
1381,cougar-crest-estate-winery-2,
1382,shaw-red-mountain-s-20-llc,
1383,bridge-press-cellars,
1384,maryhill-winery,
1385,desmodus-vena,
1386,ita-wines,
1387,gamache-vintners,
1388,forgeron-cellars-walla-walla,
1389,rockridge-orchards-cidery,
1390,eleven-winery-bainbridge-tasting-room,
1391,goff-vineyard-llc,
1392,double-river,
1393,vinesmiths-cellar,
1394,two-vintners-at-the-vault,
1395,rosebud-vineyards-inc,
1396,patterson-cellars-seattle-tasting-room,
1397,olympic-cellars,
1398,pasek-cellars-tasting-room,
1399,milbrandt-vineyards,
1400,conley-vineyard,
1401,eagle-haven-vineyard,
1402,rooted-souls-winery,
1403,agate-creek-cellars,
1404,gard-public-house,
1405,overbluff-cellars,
1406,j-bookwalter-winery,
1407,force-majeure-red-mountain-estate-vineyard,
1408,charbonneau-vineyard,
1409,adrice-wines,
1410,wedge-mountain-winery,
1411,swiftwater-cellars,
1412,dancing-fish-vineyards,
1413,neppel-vineyard,
1414,chris-daniel-winery,
1415,tapteil-vineyard,
1416,trezzi-farm,
1417,ginkgo-forest-winery-2,
1418,livin-right-wines,
1419,french-creek-vineyards,
1420,powerline,
1421,s-o-fruit,
1422,latah-creek-tasting-room,
1423,spanish-castle,
1424,cox-canyon-vineyards,
1425,wines-of-sagemoor,
1426,greenbank-vineyard,
1427,waving-tree-winery,
1428,vancouver-tasting-room-and-wine-bar,
1429,flying-m-farms,
1430,shaw-high-river-llc,